{
  "oid": "q_001",
  "title": "Vous a-t-on diagnostiqué ?",
  "text": "Vous a-t-on diagnostiqué ?",
  "type": "MULTI_CHOICES",
  "choices": [
    {
      "code": "basocell",
      "text": "Un cancer de la peau, basocellulaire"
    },
    {
      "code": "spinocell",
      "text": "Un cancer de la peau spinocellulaire (ou carcinome épidermoïde)"
    },
    {
      "code": "mélanome",
      "text": "Un mélanome"
    },
    {
      "code": "dermatite",
      "text": "Une dermatite atopique (eczéma débutant généralement dans l’enfance)"
    },
    {
      "code": "psoriasis",
      "text": "Un psoriasis"
    },
    {
      "code": "vitiligo",
      "text": "Un vitiligo"
    },
    {
      "code": "pelade",
      "text": "Une pelade (chute de cheveux localisée)"
    },
    {
      "code": "autre",
      "text": "Autre(s) antécédents"
    },
    {
      "code": "aucun",
      "text": "Aucun de ces antécédents"
    }
  ],
  "scores": [
    {
      "conditions": "\"basocell\" in q_001",
      "tagOID": "S_DER_ATCD_CANCER_BASO",
      "value": 1
    },
    {
      "conditions": "!(\"basocell\" in q_001)",
      "tagOID": "S_DER_ATCD_CANCER_BASO",
      "value": 0
    },
    {
      "conditions": "\"spinocell\" in q_001",
      "tagOID": "S_DER_ATCD_CANCER_SPINO",
      "value": 1
    },
    {
      "conditions": "!(\"spinocell\" in q_001)",
      "tagOID": "S_DER_ATCD_CANCER_SPINO",
      "value": 0
    },
    {
      "conditions": "\"melanome\" in q_001",
      "tagOID": "S_DER_ATCD_MELANOME",
      "value": 1
    },
    {
      "conditions": "!(\"melanome\" in q_001)",
      "tagOID": "S_DER_ATCD_MELANOME",
      "value": 0
    },
    {
      "conditions": "\"dermatite\" in q_001",
      "tagOID": "S_DER_ATCD_DERMATITE_ATOPIQUE",
      "value": 1
    },
    {
      "conditions": "!(\"dermatite\" in q_001)",
      "tagOID": "S_DER_ATCD_DERMATITE_ATOPIQUE",
      "value": 0
    },
    {
      "conditions": "\"psoriasis\" in q_001",
      "tagOID": "S_DER_ATCD_PSORIASIS",
      "value": 1
    },
    {
      "conditions": "!(\"psoriasis\" in q_001)",
      "tagOID": "S_DER_ATCD_PSORIASIS",
      "value": 0
    },
    {
      "conditions": "\"vitiligo\" in q_001",
      "tagOID": "S_DER_ATCD_VITILIGO",
      "value": 1
    },
    {
      "conditions": "!(\"vitiligo\" in q_001)",
      "tagOID": "S_DER_ATCD_VITILIGO",
      "value": 0
    },
    {
      "conditions": "\"pelade\" in q_001",
      "tagOID": "S_DER_ATCD_PELADE",
      "value": 1
    },
    {
      "conditions": "!(\"pelade\" in q_001)",
      "tagOID": "S_DER_ATCD_PELADE",
      "value": 0
    },
    {
      "conditions": "\"autre\" in q_001",
      "tagOID": "S_DER_ATCD_AUTRE",
      "value": 1
    },
    {
      "conditions": "!(\"7\" in q_001)",
      "tagOID": "S_DER_ATCD_AUTRE",
      "value": 0
    },
    {
      "conditions": "\"aucun\" in q_001",
      "tagOID": "S_DER_ATCD",
      "value": 0
    },
    {
      "conditions": "!(\"aucun\" in q_001)",
      "tagOID": "S_DER_ATCD",
      "value": 1
    }
  ]
}
