{
  "oid": "q_010",
  "title": "Au cours des 3 derniers mois, avez-vous présenté ?",
  "text": "Au cours des 3 derniers mois, avez-vous présenté ?",
  "type": "MULTI_CHOICES",
  "choices": [
    {
      "code": "dystrophie",
      "text": "Une dystrophie des ongles (modifications de la texture ou de la composition des ongles)"
    },
    {
      "code": "alopecie",
      "text": "Une alopécie (perte de cheveux diffuse ou localisée)"
    },
    {
      "code": "lesion",
      "text": "Des lésions cutanées (changement de couleur, de texture, surélévation localisée)"
    },
    {
      "code": "xerodermie",
      "text": "Une desquamation de la peau (fines squames blanches)"
    },
    {
      "code": "prurit",
      "text": "Prurit ( Des démangeaisons inconfortables )"
    },
    {
      "code": "rougeurs",
      "text": "Des rougeurs cutanées"
    },
    {
      "code": "autre",
      "text": "Autre(s) symptômes"
    },
    {
      "code": "aucun",
      "text": "Aucun de ces symptôme"
    }
  ],
  "scores": [
    {
      "conditions": "\"dystrophie\" in q_010",
      "tagOID": "S_DER_SYMP_DYSTROPHIE_ONGLE",
      "value": 1
    },
    {
      "conditions": "!(\"dystrophie\" in q_010)",
      "tagOID": "S_DER_SYMP_DYSTROPHIE_ONGLE",
      "value": 0
    },
    {
      "conditions": "\"alopecie\" in q_010",
      "tagOID": "S_DER_SYMP_ALOPECIE",
      "value": 1
    },
    {
      "conditions": "!(\"alopecie\" in q_010)",
      "tagOID": "S_DER_SYMP_ALOPECIE",
      "value": 0
    },
    {
      "conditions": "\"lesion\" in q_010",
      "tagOID": "S_DER_SYMP_LESION_CUT",
      "value": 1
    },
    {
      "conditions": "!(\"lesion\" in q_010)",
      "tagOID": "S_DER_SYMP_LESION_CUT",
      "value": 0
    },
    {
      "conditions": "\"xerodermie\" in q_010",
      "tagOID": "S_DER_SYMP_XEROD",
      "value": 1
    },
    {
      "conditions": "!(\"xerodermie\" in q_010)",
      "tagOID": "S_DER_SYMP_XEROD",
      "value": 0
    },
    {
      "conditions": "\"prurit\" in q_010",
      "tagOID": "S_DER_SYMP_PRURIT",
      "value": 1
    },
    {
      "conditions": "!(\"prurit\" in q_010)",
      "tagOID": "S_DER_SYMP_PRURIT",
      "value": 0
    },
    {
      "conditions": "\"rougeurs\" in q_010",
      "tagOID": "S_DER_SYMP_ROUGEUR",
      "value": 1
    },
    {
      "conditions": "!(\"rougeurs\" in q_010)",
      "tagOID": "S_DER_SYMP_ROUGEUR",
      "value": 0
    },
    {
      "conditions": "\"autres\" in q_010",
      "tagOID": "S_DER_SYMP_AUTRE",
      "value": 1
    },
    {
      "conditions": "!(\"autres\" in q_010)",
      "tagOID": "S_DER_SYMP_AUTRE",
      "value": 0
    },
    {
      "conditions": "\"aucun\" in q_010",
      "tagOID": "S_DER_SYMP",
      "value": 0
    },
    {
      "conditions": "!(\"aucun\" in q_010)",
      "tagOID": "S_DER_SYMP",
      "value": 1
    }
  ]
}
