{
  "oid": "q_012",
  "title": "Avez-vous consulté un médecin dermatologue pour contrôler votre peau ?",
  "text": "Avez-vous consulté un médecin dermatologue pour contrôler votre peau ?",
  "type": "SINGLE_CHOICE_RADIO",
  "choices": [
    {
      "code": "0",
      "text": "Jamais"
    },
    {
      "code": "1",
      "text": "Tous les ans"
    },
    {
      "code": "2",
      "text": "Moins de 2 ans"
    },
    {
      "code": "3",
      "text": "Entre 2 et 5 ans"
    },
    {
      "code": "4",
      "text": "Plus de 5 ans"
    }
  ],
  "scores": [
    {
      "conditions": "q_012 == \"0\"",
      "tagOID": "S_DER_PREVENTION_CONSULT",
      "value": "4"
    },
    {
      "conditions": "q_012 == \"1\"",
      "tagOID": "S_DER_PREVENTION_CONSULT",
      "value": "0"
    },
    {
      "conditions": "q_012 == \"2\"",
      "tagOID": "S_DER_PREVENTION_CONSULT",
      "value": "1"
    },
    {
      "conditions": "q_012 == \"3\"",
      "tagOID": "S_DER_PREVENTION_CONSULT",
      "value": "2"
    },
    {
      "conditions": "q_012 == \"4\"",
      "tagOID": "S_DER_PREVENTION_CONSULT",
      "value": "4"
    }
  ]
}