{
  "oid": "Q1_dermatologie",
  "title": "Q1 Dermatologie",
  "questions": [
    {
      "question": "q_000",
      "level": 1,
      "isGlobal": false
    },
    {
      "question": "q_001",
      "level": 1,
      "isGlobal": false
    },
    {
      "question": "q_002",
      "level": 1,
      "isGlobal": true,
      "trigger": {
        "conditions": "!(\"basocell\" in q_001)",
        "scope": "MODULE_SCOPE",
        "defaultValues": {
          "q_001": "aucun"
        }
      }
    },
    {
      "question": "q_003",
      "level": 1,
      "isGlobal": true,
      "trigger": {
        "conditions": "!(\"spinocell\" in q_001)",
        "scope": "MODULE_SCOPE",
        "defaultValues": {
          "q_001": "aucun"
        }
      }
    },
    {
      "question": "q_004",
      "level": 1,
      "isGlobal": true,
      "trigger": {
        "conditions": "!(\"melanome\" in q_001)",
        "scope": "MODULE_SCOPE",
        "defaultValues": {
          "q_001": "aucun"
        }
      }
    },
    {
      "question": "q_005",
      "level": 1,
      "isGlobal": true,
      "trigger": {
        "conditions": "!(\"dermatite\" in q_001)",
        "scope": "MODULE_SCOPE",
        "defaultValues": {
          "q_001": "aucun"
        }
      }
    },
    {
      "question": "q_006",
      "level": 1,
      "isGlobal": true,
      "trigger": {
        "conditions": "!(\"psoriasis\" in q_001)",
        "scope": "MODULE_SCOPE",
        "defaultValues": {
          "q_001": "aucun"
        }
      }
    },
    {
      "question": "q_007",
      "level": 1,
      "isGlobal": true,
      "trigger": {
        "conditions": "!(\"vitiligo\" in q_001)",
        "scope": "MODULE_SCOPE",
        "defaultValues": {
          "q_001": "aucun"
        }
      }
    },
    {
      "question": "q_008",
      "level": 1,
      "isGlobal": true,
      "trigger": {
        "conditions": "!(\"pelade\" in q_001)",
        "scope": "MODULE_SCOPE",
        "defaultValues": {
          "q_001": "aucun"
        }
      }
    },
    {
      "question": "q_009",
      "level": 1,
      "isGlobal": true,
      "trigger": {
        "conditions": "!(\"autre\" in q_001)",
        "scope": "MODULE_SCOPE",
        "defaultValues": {
          "q_001": "aucun"
        }
      }
    },
    {
      "question": "q_010",
      "level": 1,
      "isGlobal": true
    },
    {
      "question": "q_011",
      "level": 1,
      "isGlobal": true,
      "trigger": {
        "conditions": "!(\"autre\" in q_010)",
        "scope": "MODULE_SCOPE",
        "defaultValues": {
          "q_010": "aucun"
        }
      }
    },
    {
      "question": "q_012",
      "level": 1,
      "isGlobal": true
    },
    {
      "question": "q_013",
      "level": 1,
      "isGlobal": true
    }
  ]
}
