{
  "oid": "Q1_dermatologie",
  "title": "Q1_dermatologie",
  "estimatedTime": 10,
  "pricing": 10,
  "description": "Evaluation santé dermatologique",
  "levelMax": "1",
  "linkedForm": "",
  "companyId": "",
  "authors": ["Jean-Philippe Astruc"],
  "chapters": ["chap_Q1_Dermatologie"],
  "professions": ["DENTIST"],
  "diagnostics": [],
  "reportingTrees": [
    {
      "category": "HEALTH",
      "scoreStrategy": "SUM",
      "reportingNode": {
        "tagOID": "S_DER",
        "type": "SCORE",
        "ranges": [
          { "min": 0, "max": 0, "color": "00FF00", "text": "ORL" },
          { "min": 1, "max": 1, "color": "FFFF00", "text": "ORL" },
          { "min": 2, "max": 2, "color": "FF9900 ", "text": "ORL" },
          { "min": 3, "max": 3, "color": "FF0000 ", "text": "ORL" }
        ],
        "children": [
          {
            "tagOID": "S_DER_ATCD",
            "type": "SCORE",
            "ranges": [
              { "min": 0, "max": 0, "color": "00FF00", "text": "ATCD" },
              { "min": 1, "max": 10, "color": "FF0000", "text": "ATCD" }
            ],
            "children": [
              {
                "tagOID": "S_DER_ATCD_CANCER_BASO",
                "type": "SCORE",
                "ranges": [
                  { "min": 0, "max": 0, "color": "00FF00", "text": "BASOC" },
                  { "min": 1, "max": 1, "color": "FF0000", "text": "BASOC" }
                ],
                "children": []
              },
              {
                "tagOID": "S_DER_ATCD_CANCER_SPINO",
                "type": "SCORE",
                "ranges": [
                  { "min": 0, "max": 0, "color": "00FF00", "text": "SPINOC" },
                  { "min": 1, "max": 1, "color": "FF0000", "text": "SPINOC" }
                ],
                "children": []
              },
              {
                "tagOID": "S_DER_ATCD_MELANOME",
                "type": "SCORE",
                "ranges": [
                  { "min": 0, "max": 0, "color": "00FF00", "text": "MELAN" },
                  { "min": 1, "max": 1, "color": "FF0000", "text": "MELAN" }
                ],
                "children": []
              },
              {
                "tagOID": "S_DER_ATCD_DERMATITE_ATOPIQUE",
                "type": "SCORE",
                "ranges": [
                  { "min": 0, "max": 0, "color": "00FF00", "text": "ECZEMA" },
                  { "min": 1, "max": 1, "color": "FF0000", "text": "ECZEMA" }
                ],
                "children": []
              },
              {
                "tagOID": "S_DER_ATCD_PSORIASIS",
                "type": "SCORE",
                "ranges": [
                  { "min": 0, "max": 0, "color": "00FF00", "text": "PSORIAS" },
                  { "min": 1, "max": 1, "color": "FF0000", "text": "PSORIAS" }
                ],
                "children": []
              },
              {
                "tagOID": "S_DER_ATCD_VITILIGO",
                "type": "SCORE",
                "ranges": [
                  { "min": 0, "max": 0, "color": "00FF00", "text": "VITILIGO" },
                  { "min": 1, "max": 1, "color": "FF0000", "text": "VITILIGO" }
                ],
                "children": []
              },
              {
                "tagOID": "S_DER_ATCD_PELADE",
                "type": "SCORE",
                "ranges": [
                  { "min": 0, "max": 0, "color": "00FF00", "text": "PELADE" },
                  { "min": 1, "max": 1, "color": "FF0000", "text": "PELADE" }
                ],
                "children": []
              },
              {
                "tagOID": "S_DER_ATCD_AUTRE",
                "type": "SCORE",
                "ranges": [
                  { "min": 0, "max": 0, "color": "00FF00", "text": "AUTRE" },
                  { "min": 1, "max": 1, "color": "FF0000", "text": "AUTRE" }
                ],
                "children": []
              }
            ]
          },
          {
            "tagOID": "S_DER_SYMP",
            "type": "SCORE",
            "ranges": [
              { "min": 0, "max": 0, "color": "00FF00", "text": "SYMP" },
              { "min": 1, "max": 10, "color": "FF0000", "text": "SYMP" }
            ],
            "children": [
              {
                "tagOID": "S_DER_SYMP_DYSTROPHIE_ONGLE",
                "type": "SCORE",
                "ranges": [
                  {
                    "min": 0,
                    "max": 0,
                    "color": "00FF00",
                    "text": "DYSTR_ONG"
                  },
                  { "min": 1, "max": 1, "color": "FF0000", "text": "DYSTR_ONG" }
                ],
                "children": []
              },
              {
                "tagOID": "S_DER_SYMP_ALOPECIE",
                "type": "SCORE",
                "ranges": [
                  { "min": 0, "max": 0, "color": "00FF00", "text": "ALOPECIE" },
                  { "min": 1, "max": 1, "color": "FF0000", "text": "ALOPECIE" }
                ],
                "children": []
              },
              {
                "tagOID": "S_DER_SYMP_LESION_CUT",
                "type": "SCORE",
                "ranges": [
                  {
                    "min": 0,
                    "max": 0,
                    "color": "00FF00",
                    "text": "LESION_CUT"
                  },
                  {
                    "min": 1,
                    "max": 1,
                    "color": "FF0000",
                    "text": "LESION_CUT"
                  }
                ],
                "children": []
              },
              {
                "tagOID": "S_DER_SYMP_XEROD",
                "type": "SCORE",
                "ranges": [
                  { "min": 0, "max": 0, "color": "00FF00", "text": "XEROD" },
                  { "min": 1, "max": 1, "color": "FF0000", "text": "XEROD" }
                ],
                "children": []
              },
              {
                "tagOID": "S_DER_SYMP_PRURIT",
                "type": "SCORE",
                "ranges": [
                  { "min": 0, "max": 0, "color": "00FF00", "text": "PRURIT" },
                  { "min": 1, "max": 1, "color": "FF0000", "text": "PRURIT" }
                ],
                "children": []
              },
              {
                "tagOID": "S_DER_SYMP_ROUGEUR",
                "type": "SCORE",
                "ranges": [
                  { "min": 0, "max": 0, "color": "00FF00", "text": "ROUGEUR" },
                  { "min": 1, "max": 1, "color": "FF0000", "text": "ROUGEUR" }
                ],
                "children": []
              },
              {
                "tagOID": "S_DER_SYMP_AUTRE",
                "type": "SCORE",
                "ranges": [
                  { "min": 0, "max": 0, "color": "00FF00", "text": "AUTRE" },
                  { "min": 1, "max": 1, "color": "FF0000", "text": "AUTRE" }
                ],
                "children": []
              }
            ]
          },
          {
            "tagOID": "S_DER_PREVENTION_CONSULT",
            "type": "SCORE",
            "ranges": [
              { "min": 0, "max": 0, "color": "00FF00", "text": "PREV_CONSULT" },
              { "min": 1, "max": 1, "color": "FF0000", "text": "PREV_CONSULT" }
            ],
            "hideNodeIfEmpty": true,
            "hideForPatient": true
          },
          {
            "tagOID": "S_DER_PREVENTION_RISQUE_PEAU",
            "type": "SCORE",
            "ranges": [
              { "min": 0, "max": 0, "color": "00FF00", "text": "RISQUE_PEAU" },
              { "min": 1, "max": 1, "color": "FF0000", "text": "RISQUE_PEAU" }
            ],
            "children": [],
            "hideNodeIfEmpty": true,
            "hideForPatient": true
          }
        ]
      }
    }
  ]
}
